
insert into "qsi_materia" ("id_materia","nom","data_creacio","usuari","activa") values (1,'Administració electrònica','27/08/2018','u97091',true);
insert into "qsi_materia" ("id_materia","nom","data_creacio","usuari","activa") values (2,'Agricultura i ramaderia','27/08/2018','u97091',true);
insert into "qsi_materia" ("id_materia","nom","data_creacio","usuari","activa") values (3,'Comerç','27/08/2018','u97091',true);
insert into "qsi_materia" ("id_materia","nom","data_creacio","usuari","activa") values (4,'Consum','27/08/2018','u97091',true);
insert into "qsi_materia" ("id_materia","nom","data_creacio","usuari","activa") values (5,'Cooperació','27/08/2018','u97091',true);
insert into "qsi_materia" ("id_materia","nom","data_creacio","usuari","activa") values (6,'Cultura','27/08/2018','u97091',true);
insert into "qsi_materia" ("id_materia","nom","data_creacio","usuari","activa") values (8,'Discapacitat','27/08/2018','u97091',true);
insert into "qsi_materia" ("id_materia","nom","data_creacio","usuari","activa") values (9,'Educació','27/08/2018','u97091',true);
insert into "qsi_materia" ("id_materia","nom","data_creacio","usuari","activa") values (10,'Emergències i seguretat','27/08/2018','u97091',true);
insert into "qsi_materia" ("id_materia","nom","data_creacio","usuari","activa") values (11,'Empreses i entitats','27/08/2018','u97091',true);
insert into "qsi_materia" ("id_materia","nom","data_creacio","usuari","activa") values (12,'Energia','27/08/2018','u97091',true);
insert into "qsi_materia" ("id_materia","nom","data_creacio","usuari","activa") values (13,'Esports i oci','27/08/2018','u97091',true);
insert into "qsi_materia" ("id_materia","nom","data_creacio","usuari","activa") values (14,'Família','27/08/2018','u97091',true);
insert into "qsi_materia" ("id_materia","nom","data_creacio","usuari","activa") values (15,'Habitatge i arquitectura','27/08/2018','u97091',true);
insert into "qsi_materia" ("id_materia","nom","data_creacio","usuari","activa") values (16,'Idiomes','27/08/2018','u97091',true);
insert into "qsi_materia" ("id_materia","nom","data_creacio","usuari","activa") values (17,'Igualtat','27/08/2018','u97091',true);
insert into "qsi_materia" ("id_materia","nom","data_creacio","usuari","activa") values (18,'Immigració','27/08/2018','u97091',true);
insert into "qsi_materia" ("id_materia","nom","data_creacio","usuari","activa") values (19,'Indústria','27/08/2018','u97091',true);
insert into "qsi_materia" ("id_materia","nom","data_creacio","usuari","activa") values (20,'Innovació i recerca','27/08/2018','u97091',true);
insert into "qsi_materia" ("id_materia","nom","data_creacio","usuari","activa") values (21,'Joventut','27/08/2018','u97091',true);
insert into "qsi_materia" ("id_materia","nom","data_creacio","usuari","activa") values (22,'Medi ambient','27/08/2018','u97091',true);
insert into "qsi_materia" ("id_materia","nom","data_creacio","usuari","activa") values (23,'Menors','27/08/2018','u97091',true);
insert into "qsi_materia" ("id_materia","nom","data_creacio","usuari","activa") values (24,'Oposicions i funció pública','27/08/2018','u97091',true);
insert into "qsi_materia" ("id_materia","nom","data_creacio","usuari","activa") values (25,'Participació ciutadana','27/08/2018','u97091',true);
insert into "qsi_materia" ("id_materia","nom","data_creacio","usuari","activa") values (26,'Pesca i medi marí','27/08/2018','u97091',true);
insert into "qsi_materia" ("id_materia","nom","data_creacio","usuari","activa") values (27,'Prestacions socials','27/08/2018','u97091',true);
insert into "qsi_materia" ("id_materia","nom","data_creacio","usuari","activa") values (28,'Publicacions oficials','27/08/2018','u97091',true);
insert into "qsi_materia" ("id_materia","nom","data_creacio","usuari","activa") values (29,'Recursos hídrics','27/08/2018','u97091',true);
insert into "qsi_materia" ("id_materia","nom","data_creacio","usuari","activa") values (30,'Relacions amb altres administracions','27/08/2018','u97091',true);
insert into "qsi_materia" ("id_materia","nom","data_creacio","usuari","activa") values (31,'Salut','27/08/2018','u97091',true);
insert into "qsi_materia" ("id_materia","nom","data_creacio","usuari","activa") values (32,'Tecnologia i comunicacions','27/08/2018','u97091',true);
insert into "qsi_materia" ("id_materia","nom","data_creacio","usuari","activa") values (33,'Transparència','27/08/2018','u97091',true);
insert into "qsi_materia" ("id_materia","nom","data_creacio","usuari","activa") values (34,'Transport','27/08/2018','u97091',true);
insert into "qsi_materia" ("id_materia","nom","data_creacio","usuari","activa") values (35,'Treball i formació','27/08/2018','u97091',true);
insert into "qsi_materia" ("id_materia","nom","data_creacio","usuari","activa") values (36,'Tributs i recaptació','27/08/2018','u97091',true);
insert into "qsi_materia" ("id_materia","nom","data_creacio","usuari","activa") values (37,'Turisme','27/08/2018','u97091',true);


insert into "qsi_motiu" ("id_motiu","nom","data_creacio","usuari","actiu") values (1,'Absència o discontinuïtat en la prestació d''un servei','04/09/2018','u97091',true);
insert into "qsi_motiu" ("id_motiu","nom","data_creacio","usuari","actiu") values (2,'Altres motius','04/09/2018','u97091',true);
insert into "qsi_motiu" ("id_motiu","nom","data_creacio","usuari","actiu") values (3,'Coneixement de les matèries i transmissió de la confiança','04/09/2018','u97091',true);
insert into "qsi_motiu" ("id_motiu","nom","data_creacio","usuari","actiu") values (4,'Eficàcia i precisió en la prestació del servei','04/09/2018','u97091',true);
insert into "qsi_motiu" ("id_motiu","nom","data_creacio","usuari","actiu") values (5,'Empatia, tracte i atenció personalitzada','04/09/2018','u97091',true);
insert into "qsi_motiu" ("id_motiu","nom","data_creacio","usuari","actiu") values (6,'Estat físic de les instal·lacions','04/09/2018','u97091',true);
insert into "qsi_motiu" ("id_motiu","nom","data_creacio","usuari","actiu") values (7,'Rapidesa i agilitat','04/09/2018','u97091',true);

insert into "qsi_escrit" ("id_escrit","nom","data_creacio","usuari","actiu") values (1,'Suggeriment','05/09/2018','u97091');
insert into "qsi_escrit" ("id_escrit","nom","data_creacio","usuari","actiu") values (2,'Queixa','05/09/2018','u97091');
insert into "qsi_escrit" ("id_escrit","nom","data_creacio","usuari","actiu") values (3,'Sol·licitud d''informació','05/09/2018','u97091');

insert into "qsi_queixa" ("id_queixa","nom","data_creacio","usuari","activa") values (1,'Queixa CAIB','05/09/2018','u97091',true);
insert into "qsi_queixa" ("id_queixa","nom","data_creacio","usuari","activa") values (2,'Queixa Tercers','05/09/2018','u97091',true);

insert into "qsi_entrada" ("id_entrada","nom","data_creacio","usuari","activa") values (1,'Presencial (Oficina de Registre)','06/09/2018','u97091',true);
insert into "qsi_entrada" ("id_entrada","nom","data_creacio","usuari","activa") values (2,'SAIP','06/09/2018','u97091',true);
insert into "qsi_entrada" ("id_entrada","nom","data_creacio","usuari","activa") values (3,'Telefonia 012','06/09/2018','u97091',true);
insert into "qsi_entrada" ("id_entrada","nom","data_creacio","usuari","activa") values (4,'Telemàtica','06/09/2018','u97091',true);
insert into "qsi_entrada" ("id_entrada","nom","data_creacio","usuari","activa") values (5,'Altres (telefax, correu postal, ...)','06/09/2018','u97091',true);


insert into "qsi_centre" ("id_centre","nom","dir3","data_creacio","usuari","actiu", "visible_web") 
                  values (1,'Agència Tributària de les Illes Balears','A04013587','06/09/2018','u97091',true, true);
				  
insert into "qsi_centre" ("id_centre","nom","dir3","data_creacio","usuari","actiu", "visible_web") 
                  values (2,'Conselleria de Serveis Socials i Cooperació','A04013527','06/09/2018','u97091',true, true);
				  
insert into "qsi_centre" ("id_centre","nom","dir3","data_creacio","usuari","actiu", "visible_web") 
                  values (3,'Conselleria d''Educació i Universitat','A04013523','06/09/2018','u97091',true, true);

insert into "qsi_centre" ("id_centre","nom","dir3","data_creacio","usuari","actiu", "visible_web") 
                  values (4,'Conselleria d''Hisenda i Administracions Públiques','A04013579','06/09/2018','u97091',true, true);	

insert into "qsi_centre" ("id_centre","nom","dir3","data_creacio","usuari","actiu", "visible_web") 
                  values (5,'Conselleria d''Innovació, Recerca i Turisme','A04013514','06/09/2018','u97091',true, true);				  
				  
insert into "qsi_centre" ("id_centre","nom","dir3","data_creacio","usuari","actiu", "visible_web") 
                  values (6,'Conselleria de Treball, Comerç i Indústria','A04013537','06/09/2018','u97091',true, true);				  
				  
insert into "qsi_centre" ("id_centre","nom","dir3","data_creacio","usuari","actiu", "visible_web") 
                  values (7,'Conselleria de Cultura, Participació i Esports','A04019891','06/09/2018','u97091',true, true);				  
				  
insert into "qsi_centre" ("id_centre","nom","dir3","data_creacio","usuari","actiu", "visible_web") 
                  values (8,'Conselleria de Medi Ambient, Agricultura i Pesca','A04013543','06/09/2018','u97091',true, true);				  

insert into "qsi_centre" ("id_centre","nom","dir3","data_creacio","usuari","actiu", "visible_web") 
                  values (9,'Conselleria de Presidència','A04013501','06/09/2018','u97091',true, true);	
				  
insert into "qsi_centre" ("id_centre","nom","dir3","data_creacio","usuari","actiu", "visible_web") 
                  values (10,'Conselleria de Salut','A04003678','06/09/2018','u97091',true, true);
				  
insert into "qsi_centre" ("id_centre","nom","dir3","data_creacio","usuari","actiu", "visible_web") 
                  values (11,'Conselleria de Territori, Energia i Mobilitat','A04013560','06/09/2018','u97091',true, true);				  
				  
insert into "qsi_centre" ("id_centre","nom","dir3","data_creacio","usuari","actiu", "visible_web") 
                  values (12,'Escola Balear d''Administració Pública (EBAP)','A04013584','06/09/2018','u97091',true, true);	
                  
/* SUBCENTRE: EDUCACIÓ */
insert into "qsi_subcentre" ("id_subcentre","nom","dir3","data_creacio","usuari","actiu", "visible_web","id_centre") 
                     values (1,'IBISEC','A04003715','07/09/2018','u97091',true, true,3);
insert into "qsi_subcentre" ("id_subcentre","nom","dir3","data_creacio","usuari","actiu", "visible_web","id_centre") 
                     values (2,'Secretaria General Educació i Universitat','A04005614','07/09/2018','u97091',true, true,3);
insert into "qsi_subcentre" ("id_subcentre","nom","dir3","data_creacio","usuari","actiu", "visible_web","id_centre") 
                     values (3,'Direcció General de Personal Docent','A04013518','07/09/2018','u97091',true, true,3);
insert into "qsi_subcentre" ("id_subcentre","nom","dir3","data_creacio","usuari","actiu", "visible_web","id_centre") 
                     values (4,'Direcció General de Política Universitaria','A04013519','07/09/2018','u97091',true, true,3);
insert into "qsi_subcentre" ("id_subcentre","nom","dir3","data_creacio","usuari","actiu", "visible_web","id_centre") 
                     values (5,'Direcció General de Formació Professional i Formació del Professorat','A04013520','07/09/2018','u97091',true, true,3);
insert into "qsi_subcentre" ("id_subcentre","nom","dir3","data_creacio","usuari","actiu", "visible_web","id_centre") 
                     values (6,'Direcció General d''Innovació i Comunitat Educativa','A04013521','07/09/2018','u97091',true, true,3);
insert into "qsi_subcentre" ("id_subcentre","nom","dir3","data_creacio","usuari","actiu", "visible_web","id_centre") 
                     values (7,'Direcció General d''Ordenació Planificació i Centres','A04013522','07/09/2018','u97091',true, true,3);					 
insert into "qsi_subcentre" ("id_subcentre","nom","dir3","data_creacio","usuari","actiu", "visible_web","id_centre") 
                     values (8,'Conseller d''Educació i Universitat','A04019979','07/09/2018','u97091',true, true,3);					 
insert into "qsi_subcentre" ("id_subcentre","nom","dir3","data_creacio","usuari","actiu", "visible_web","id_centre") 
                     values (9,'Departament d''Inspecció Educativa','A04019980','07/09/2018','u97091',true, true,3);					 					 

/* SUBCENTRE: CONSELLERIA DE PRESIDÈNCIA */
insert into "qsi_subcentre" ("id_subcentre","nom","dir3","data_creacio","usuari","actiu", "visible_web","id_centre") 
                     values (10,'Secretaria General Presidència','A04003695','07/09/2018','u97091',true, true,9);
insert into "qsi_subcentre" ("id_subcentre","nom","dir3","data_creacio","usuari","actiu", "visible_web","id_centre") 
                     values (11,'Direcció General de Coordinació del Govern','A04003696','07/09/2018','u97091',true, true,9);				 					 
insert into "qsi_subcentre" ("id_subcentre","nom","dir3","data_creacio","usuari","actiu", "visible_web","id_centre") 
                     values (12,'Direcció General de Relacions Institucionals i Acció Exterior','A04003698','07/09/2018','u97091',true, true,9);				 					 					 
insert into "qsi_subcentre" ("id_subcentre","nom","dir3","data_creacio","usuari","actiu", "visible_web","id_centre") 
                     values (13,'Direcció de l''Advocacia de la Comunitat Autònoma','A04003699','07/09/2018','u97091',true, true,9);				 					 					 					 
insert into "qsi_subcentre" ("id_subcentre","nom","dir3","data_creacio","usuari","actiu", "visible_web","id_centre") 
                     values (14,'Direcció General de Relacions amb el Parlament','A04013499','07/09/2018','u97091',true, true,9);				 					 					 					 					 
insert into "qsi_subcentre" ("id_subcentre","nom","dir3","data_creacio","usuari","actiu", "visible_web","id_centre") 
                     values (15,'Direcció General de Comunicació','A04013500','07/09/2018','u97091',true, true,9);				 					 					 					 					 					 
insert into "qsi_subcentre" ("id_subcentre","nom","dir3","data_creacio","usuari","actiu", "visible_web","id_centre") 
                     values (16,'Conselleria de Presidència','A04019916','07/09/2018','u97091',true, true,9);				 					 					 					 					 					 					 
insert into "qsi_subcentre" ("id_subcentre","nom","dir3","data_creacio","usuari","actiu", "visible_web","id_centre") 
                     values (17,'Direcció General de Transparència i Bon Govern','A04022187','07/09/2018','u97091',true, true,9);  
                     
/* SUBCENTRE: CONSELLERIA DE MEDI AMBIENT, AGRICULTURA I PESCA */
insert into "qsi_subcentre" ("id_subcentre","nom","dir3","data_creacio","usuari","actiu", "visible_web","id_centre") 
                     values (18,'Direcció General d''Educació Ambiental, Qualitat Ambiental i Residus','A04013555','19/09/2018','u97091',true, true,8);
                     
                     
insert into "qsi_idioma" ("id_idioma","nom","data_creacio","usuari","actiu") values (1,'Català','11/09/2018','u97091',true);
insert into "qsi_idioma" ("id_idioma","nom","data_creacio","usuari","actiu") values (2,'Castellà','11/09/2018','u97091',true);

insert into "qsi_illa" ("id_illa","nom","data_creacio","usuari","activa") values (1,'Mallorca','11/09/2018','u97091',true);
insert into "qsi_illa" ("id_illa","nom","data_creacio","usuari","activa") values (2,'Menorca','11/09/2018','u97091',true);
insert into "qsi_illa" ("id_illa","nom","data_creacio","usuari","activa") values (3,'Eivissa','11/09/2018','u97091',true);
insert into "qsi_illa" ("id_illa","nom","data_creacio","usuari","activa") values (4,'Formentera','11/09/2018','u97091',true);

insert into "qsi_municipi" ("id_municipi","nom","data_creacio","usuari","actiu","id_illa") values (1,'Alaró','11/09/2018','u97091',true,1);
insert into "qsi_municipi" ("id_municipi","nom","data_creacio","usuari","actiu","id_illa") values (2,'Alaior','11/09/2018','u97091',true,2);
insert into "qsi_municipi" ("id_municipi","nom","data_creacio","usuari","actiu","id_illa") values (3,'Alcúdia','11/09/2018','u97091',true,1);
insert into "qsi_municipi" ("id_municipi","nom","data_creacio","usuari","actiu","id_illa") values (4,'Algaida','11/09/2018','u97091',true,1);
insert into "qsi_municipi" ("id_municipi","nom","data_creacio","usuari","actiu","id_illa") values (5,'Andratx','11/09/2018','u97091',true,1);
insert into "qsi_municipi" ("id_municipi","nom","data_creacio","usuari","actiu","id_illa") values (6,'Ariany','11/09/2018','u97091',true,1);
insert into "qsi_municipi" ("id_municipi","nom","data_creacio","usuari","actiu","id_illa") values (7,'Artà','11/09/2018','u97091',true,1);
insert into "qsi_municipi" ("id_municipi","nom","data_creacio","usuari","actiu","id_illa") values (8,'Banyalbufar','11/09/2018','u97091',true,1);
insert into "qsi_municipi" ("id_municipi","nom","data_creacio","usuari","actiu","id_illa") values (9,'Binissalem','11/09/2018','u97091',true,1);
insert into "qsi_municipi" ("id_municipi","nom","data_creacio","usuari","actiu","id_illa") values (10,'Búger','11/09/2018','u97091',true,1);
insert into "qsi_municipi" ("id_municipi","nom","data_creacio","usuari","actiu","id_illa") values (11,'Bunyola','11/09/2018','u97091',true,1);
insert into "qsi_municipi" ("id_municipi","nom","data_creacio","usuari","actiu","id_illa") values (12,'Calvià','11/09/2018','u97091',true,1);
insert into "qsi_municipi" ("id_municipi","nom","data_creacio","usuari","actiu","id_illa") values (13,'Campanet','11/09/2018','u97091',true,1);
insert into "qsi_municipi" ("id_municipi","nom","data_creacio","usuari","actiu","id_illa") values (14,'Campos','11/09/2018','u97091',true,1);
insert into "qsi_municipi" ("id_municipi","nom","data_creacio","usuari","actiu","id_illa") values (15,'Capdepera','11/09/2018','u97091',true,1);
insert into "qsi_municipi" ("id_municipi","nom","data_creacio","usuari","actiu","id_illa") values (16,'Ciutadella de Menorca','11/09/2018','u97091',true,2);
insert into "qsi_municipi" ("id_municipi","nom","data_creacio","usuari","actiu","id_illa") values (17,'Consell','11/09/2018','u97091',true,1);
insert into "qsi_municipi" ("id_municipi","nom","data_creacio","usuari","actiu","id_illa") values (18,'Costitx','11/09/2018','u97091',true,1);
insert into "qsi_municipi" ("id_municipi","nom","data_creacio","usuari","actiu","id_illa") values (19,'Deià','11/09/2018','u97091',true,1);
insert into "qsi_municipi" ("id_municipi","nom","data_creacio","usuari","actiu","id_illa") values (20,'Escorca','11/09/2018','u97091',true,1);
insert into "qsi_municipi" ("id_municipi","nom","data_creacio","usuari","actiu","id_illa") values (21,'Esporles','11/09/2018','u97091',true,1);
insert into "qsi_municipi" ("id_municipi","nom","data_creacio","usuari","actiu","id_illa") values (22,'Estellencs','11/09/2018','u97091',true,1);
insert into "qsi_municipi" ("id_municipi","nom","data_creacio","usuari","actiu","id_illa") values (23,'Felanitx','11/09/2018','u97091',true,1);
insert into "qsi_municipi" ("id_municipi","nom","data_creacio","usuari","actiu","id_illa") values (24,'Ferreries','11/09/2018','u97091',true,2);
insert into "qsi_municipi" ("id_municipi","nom","data_creacio","usuari","actiu","id_illa") values (25,'Formentera','11/09/2018','u97091',true,4);
insert into "qsi_municipi" ("id_municipi","nom","data_creacio","usuari","actiu","id_illa") values (26,'Fornalutx','11/09/2018','u97091',true,1);
insert into "qsi_municipi" ("id_municipi","nom","data_creacio","usuari","actiu","id_illa") values (27,'Eivissa','11/09/2018','u97091',true,3);
insert into "qsi_municipi" ("id_municipi","nom","data_creacio","usuari","actiu","id_illa") values (28,'Inca','11/09/2018','u97091',true,1);
insert into "qsi_municipi" ("id_municipi","nom","data_creacio","usuari","actiu","id_illa") values (29,'Lloret de Vistalegre','11/09/2018','u97091',true,1);
insert into "qsi_municipi" ("id_municipi","nom","data_creacio","usuari","actiu","id_illa") values (30,'Lloseta','11/09/2018','u97091',true,1);
insert into "qsi_municipi" ("id_municipi","nom","data_creacio","usuari","actiu","id_illa") values (31,'Llubí','11/09/2018','u97091',true,1);
insert into "qsi_municipi" ("id_municipi","nom","data_creacio","usuari","actiu","id_illa") values (32,'Llucmajor','11/09/2018','u97091',true,1);
insert into "qsi_municipi" ("id_municipi","nom","data_creacio","usuari","actiu","id_illa") values (33,'Maó','11/09/2018','u97091',true,2);
insert into "qsi_municipi" ("id_municipi","nom","data_creacio","usuari","actiu","id_illa") values (34,'Manacor','11/09/2018','u97091',true,1);
insert into "qsi_municipi" ("id_municipi","nom","data_creacio","usuari","actiu","id_illa") values (35,'Mancor de la Vall','11/09/2018','u97091',true,1);
insert into "qsi_municipi" ("id_municipi","nom","data_creacio","usuari","actiu","id_illa") values (36,'Maria de la Salut','11/09/2018','u97091',true,1);
insert into "qsi_municipi" ("id_municipi","nom","data_creacio","usuari","actiu","id_illa") values (37,'Marratxí','11/09/2018','u97091',true,1);
insert into "qsi_municipi" ("id_municipi","nom","data_creacio","usuari","actiu","id_illa") values (38,'Es Mercadal','11/09/2018','u97091',true,2);
insert into "qsi_municipi" ("id_municipi","nom","data_creacio","usuari","actiu","id_illa") values (39,'Es Migjorn Gran','11/09/2018','u97091',true,2);
insert into "qsi_municipi" ("id_municipi","nom","data_creacio","usuari","actiu","id_illa") values (40,'Montuïri','11/09/2018','u97091',true,1);
insert into "qsi_municipi" ("id_municipi","nom","data_creacio","usuari","actiu","id_illa") values (41,'Muro','11/09/2018','u97091',true,1);
insert into "qsi_municipi" ("id_municipi","nom","data_creacio","usuari","actiu","id_illa") values (42,'Palma','11/09/2018','u97091',true,1);
insert into "qsi_municipi" ("id_municipi","nom","data_creacio","usuari","actiu","id_illa") values (43,'Petra','11/09/2018','u97091',true,1);
insert into "qsi_municipi" ("id_municipi","nom","data_creacio","usuari","actiu","id_illa") values (44,'Pollença','11/09/2018','u97091',true,1);
insert into "qsi_municipi" ("id_municipi","nom","data_creacio","usuari","actiu","id_illa") values (45,'Porreres','11/09/2018','u97091',true,1);
insert into "qsi_municipi" ("id_municipi","nom","data_creacio","usuari","actiu","id_illa") values (46,'Sa Pobla','11/09/2018','u97091',true,1);
insert into "qsi_municipi" ("id_municipi","nom","data_creacio","usuari","actiu","id_illa") values (47,'Puigpunyent','11/09/2018','u97091',true,1);
insert into "qsi_municipi" ("id_municipi","nom","data_creacio","usuari","actiu","id_illa") values (48,'Ses Salines','11/09/2018','u97091',true,1);
insert into "qsi_municipi" ("id_municipi","nom","data_creacio","usuari","actiu","id_illa") values (49,'Sant Antoni de Portmany','11/09/2018','u97091',true,3);
insert into "qsi_municipi" ("id_municipi","nom","data_creacio","usuari","actiu","id_illa") values (50,'Sant Josep de sa Talaia','11/09/2018','u97091',true,3);
insert into "qsi_municipi" ("id_municipi","nom","data_creacio","usuari","actiu","id_illa") values (51,'Sant Joan','11/09/2018','u97091',true,1);
insert into "qsi_municipi" ("id_municipi","nom","data_creacio","usuari","actiu","id_illa") values (52,'Sant Joan de Labritja','11/09/2018','u97091',true,3);
insert into "qsi_municipi" ("id_municipi","nom","data_creacio","usuari","actiu","id_illa") values (53,'Sant Llorenç des Cardassar','11/09/2018','u97091',true,1);
insert into "qsi_municipi" ("id_municipi","nom","data_creacio","usuari","actiu","id_illa") values (54,'Sant Lluís','11/09/2018','u97091',true,2);
insert into "qsi_municipi" ("id_municipi","nom","data_creacio","usuari","actiu","id_illa") values (55,'Sencelles','11/09/2018','u97091',true,1);
insert into "qsi_municipi" ("id_municipi","nom","data_creacio","usuari","actiu","id_illa") values (56,'Santa Eugènia','11/09/2018','u97091',true,1);
insert into "qsi_municipi" ("id_municipi","nom","data_creacio","usuari","actiu","id_illa") values (57,'Santa Eulària des Riu','11/09/2018','u97091',true,3);
insert into "qsi_municipi" ("id_municipi","nom","data_creacio","usuari","actiu","id_illa") values (58,'Santa Margalida','11/09/2018','u97091',true,1);
insert into "qsi_municipi" ("id_municipi","nom","data_creacio","usuari","actiu","id_illa") values (59,'Santa Maria del Camí','11/09/2018','u97091',true,1);
insert into "qsi_municipi" ("id_municipi","nom","data_creacio","usuari","actiu","id_illa") values (60,'Santanyí','11/09/2018','u97091',true,1);
insert into "qsi_municipi" ("id_municipi","nom","data_creacio","usuari","actiu","id_illa") values (61,'Selva','11/09/2018','u97091',true,1);
insert into "qsi_municipi" ("id_municipi","nom","data_creacio","usuari","actiu","id_illa") values (62,'Sineu','11/09/2018','u97091',true,1);
insert into "qsi_municipi" ("id_municipi","nom","data_creacio","usuari","actiu","id_illa") values (63,'Sóller','11/09/2018','u97091',true,1);
insert into "qsi_municipi" ("id_municipi","nom","data_creacio","usuari","actiu","id_illa") values (64,'Son Servera','11/09/2018','u97091',true,1);
insert into "qsi_municipi" ("id_municipi","nom","data_creacio","usuari","actiu","id_illa") values (65,'Valldemossa','11/09/2018','u97091',true,1);
insert into "qsi_municipi" ("id_municipi","nom","data_creacio","usuari","actiu","id_illa") values (66,'Es Castell','11/09/2018','u97091',true,2);
insert into "qsi_municipi" ("id_municipi","nom","data_creacio","usuari","actiu","id_illa") values (67,'Vilafranca de Bonany','11/09/2018','u97091',true,1);

insert into "qsi_identificacio" ("id_identificacio","nom","data_creacio","usuari","activa") values (1,'DNI','11/09/2018','u97091',true);
insert into "qsi_identificacio" ("id_identificacio","nom","data_creacio","usuari","activa") values (2,'Passaport','11/09/2018','u97091',true);
insert into "qsi_identificacio" ("id_identificacio","nom","data_creacio","usuari","activa") values (3,'NIE','11/09/2018','u97091',true);
insert into "qsi_identificacio" ("id_identificacio","nom","data_creacio","usuari","activa") values (4,'CIF','11/09/2018','u97091',true);
insert into "qsi_identificacio" ("id_identificacio","nom","data_creacio","usuari","activa") values (5,'Targeta de resident','11/09/2018','u97091',true);

insert into qsi_persona(id_persona,num_identificacio,nom,llinatge1,llinatge2,telefon,email,direccio,numero,pis,codi_postal,id_identificacio,data_creacio)
values
(nextval('qsi_persona_seq'),'11111111H','Toni','Juanico','Soler','647769901','tjuanico@gmail.com',null,null,null,null,1,'18/09/2018 10:36:00')

insert into qsi_expedient (id_expedient, 
						   assumpte, 
						   id_subcentre, 
						   unitat_organica, 
						   id_escrit, 
						   id_materia, 
						   id_motiu, 
						   id_queixa, 
						   id_entrada, 
						   data_entrada, 
						   data_creacio, 
						   id_idioma, 
						   via_contestacio, 
						   id_municipi, 
						   id_gestor, 
						   usuari_assignat, 
						   text_peticio, 
						   text_resposta, 
						   data_resposta, 
						   id_estat)
values
(nextval('qsi_expedient_seq'),
 'Queixa del funcionament del servei de prevenció de riscs laborals per personal docent',
 3,
 null,
 2,
 9,
 5,
 1,
 4,
 '18/09/2018 11:08',
 '18/09/2018 11:08',
 1,
 'correu',
 37,
 null,
 null,
 'Això és una queixa perquè vaig anar i em varen dir que era un capullo. Vull depurar les responsabilitats que es puguin derivar de la llei 39/2015',
 null,
 null,
 0)
 
 insert into qsi_expedient (id_expedient, 
						   assumpte, 
						   id_subcentre, 
						   unitat_organica, 
						   id_escrit, 
						   id_materia, 
						   id_motiu, 
						   id_queixa, 
						   id_entrada, 
						   data_entrada, 
						   data_creacio, 
						   id_idioma, 
						   via_contestacio, 
						   id_municipi, 
						   id_gestor, 
						   usuari_assignat, 
						   text_peticio, 
						   text_resposta, 
						   data_resposta, 
						   id_estat,
						   id_persona)
values
(nextval('qsi_expedient_seq'),
 'Queixa al director general de Planificació, Ordenació i Centres',
 3,
 null,
 2,
 9,
 5,
 1,
 4,
 '18/09/2018 12:39',
 '18/09/2018 12:39',
 1,
 'postal',
 37,
 null,
 null,
 'El director general és massa diligent.',
 null,
 null,
 0,
3)



